{
  "accuracy": 0.9836867862969005,
  "escalate": {
    "f1-score": 0.9829351535836177,
    "precision": 0.9863013698630136,
    "recall": 0.9795918367346939,
    "support": 147.0
  },
  "lead": {
    "f1-score": 0.9657534246575342,
    "precision": 0.9527027027027027,
    "recall": 0.9791666666666666,
    "support": 144.0
  },
  "macro avg": {
    "f1-score": 0.9835891667156265,
    "precision": 0.9864402702954562,
    "recall": 0.9809754449725097,
    "support": 613.0
  },
  "question": {
    "f1-score": 0.9896193771626297,
    "precision": 1.0,
    "recall": 0.9794520547945206,
    "support": 146.0
  },
  "spam": {
    "f1-score": 0.9830508474576272,
    "precision": 1.0,
    "recall": 0.9666666666666667,
    "support": 30.0
  },
  "unknown_or_agent": {
    "f1-score": 0.9965870307167235,
    "precision": 0.9931972789115646,
    "recall": 1.0,
    "support": 146.0
  },
  "weighted avg": {
    "f1-score": 0.9837481593826937,
    "precision": 0.9839841652204577,
    "recall": 0.9836867862969005,
    "support": 613.0
  }
}