{
  "accuracy": 0.8,
  "escalate": {
    "f1-score": 0.8235294117647058,
    "precision": 0.7777777777777778,
    "recall": 0.875,
    "support": 8.0
  },
  "lead": {
    "f1-score": 0.7692307692307693,
    "precision": 0.7142857142857143,
    "recall": 0.8333333333333334,
    "support": 12.0
  },
  "macro avg": {
    "f1-score": 0.7999806076276665,
    "precision": 0.8084126984126984,
    "recall": 0.8016666666666665,
    "support": 50.0
  },
  "question": {
    "f1-score": 0.8,
    "precision": 0.8,
    "recall": 0.8,
    "support": 10.0
  },
  "spam": {
    "f1-score": 0.75,
    "precision": 0.75,
    "recall": 0.75,
    "support": 8.0
  },
  "unknown_or_agent": {
    "f1-score": 0.8571428571428571,
    "precision": 1.0,
    "recall": 0.75,
    "support": 12.0
  },
  "weighted avg": {
    "f1-score": 0.8020943762120233,
    "precision": 0.8158730158730159,
    "recall": 0.8,
    "support": 50.0
  }
}