{
  "accuracy": 0.8064516129032258,
  "escalate": {
    "f1-score": 0.8181818181818182,
    "precision": 0.75,
    "recall": 0.9,
    "support": 10.0
  },
  "lead": {
    "f1-score": 0.8205128205128205,
    "precision": 0.7272727272727273,
    "recall": 0.9411764705882353,
    "support": 17.0
  },
  "macro avg": {
    "f1-score": 0.7899064154236569,
    "precision": 0.8437878787878788,
    "recall": 0.7817273576097106,
    "support": 62.0
  },
  "question": {
    "f1-score": 0.896551724137931,
    "precision": 0.8666666666666667,
    "recall": 0.9285714285714286,
    "support": 14.0
  },
  "spam": {
    "f1-score": 0.7142857142857143,
    "precision": 1.0,
    "recall": 0.5555555555555556,
    "support": 9.0
  },
  "unknown_or_agent": {
    "f1-score": 0.7,
    "precision": 0.875,
    "recall": 0.5833333333333334,
    "support": 12.0
  },
  "weighted avg": {
    "f1-score": 0.7985618015651386,
    "precision": 0.8305962854349952,
    "recall": 0.8064516129032258,
    "support": 62.0
  }
}