{
  "accuracy": 0.6066666666666667,
  "escalate": {
    "f1-score": 0.6966292134831461,
    "precision": 0.5849056603773585,
    "recall": 0.8611111111111112,
    "support": 36.0
  },
  "lead": {
    "f1-score": 0.4827586206896552,
    "precision": 0.6086956521739131,
    "recall": 0.4,
    "support": 35.0
  },
  "macro avg": {
    "f1-score": 0.6257124085792041,
    "precision": 0.6315705040561481,
    "recall": 0.6649206349206349,
    "support": 150.0
  },
  "question": {
    "f1-score": 0.6829268292682927,
    "precision": 0.6086956521739131,
    "recall": 0.7777777777777778,
    "support": 36.0
  },
  "spam": {
    "f1-score": 0.8888888888888888,
    "precision": 0.8,
    "recall": 1.0,
    "support": 8.0
  },
  "unknown_or_agent": {
    "f1-score": 0.37735849056603776,
    "precision": 0.5555555555555556,
    "recall": 0.2857142857142857,
    "support": 35.0
  },
  "weighted avg": {
    "f1-score": 0.5791948502940811,
    "precision": 0.6007895968158479,
    "recall": 0.6066666666666667,
    "support": 150.0
  }
}