{
  "accuracy": 0.6,
  "escalate": {
    "f1-score": 0.725,
    "precision": 0.6590909090909091,
    "recall": 0.8055555555555556,
    "support": 36.0
  },
  "lead": {
    "f1-score": 0.2727272727272727,
    "precision": 0.6666666666666666,
    "recall": 0.17142857142857143,
    "support": 35.0
  },
  "macro avg": {
    "f1-score": 0.5978515646482978,
    "precision": 0.637107095802748,
    "recall": 0.6587301587301586,
    "support": 150.0
  },
  "question": {
    "f1-score": 0.6666666666666666,
    "precision": 0.5238095238095238,
    "recall": 0.9166666666666666,
    "support": 36.0
  },
  "spam": {
    "f1-score": 0.8421052631578947,
    "precision": 0.7272727272727273,
    "recall": 1.0,
    "support": 8.0
  },
  "unknown_or_agent": {
    "f1-score": 0.4827586206896552,
    "precision": 0.6086956521739131,
    "recall": 0.4,
    "support": 35.0
  },
  "weighted avg": {
    "f1-score": 0.5551923224990376,
    "precision": 0.6202685237467847,
    "recall": 0.6,
    "support": 150.0
  }
}