{
  "accuracy": 0.9885807504078303,
  "escalate": {
    "f1-score": 0.9793103448275862,
    "precision": 0.993006993006993,
    "recall": 0.9659863945578231,
    "support": 147.0
  },
  "lead": {
    "f1-score": 0.9794520547945206,
    "precision": 0.9662162162162162,
    "recall": 0.9930555555555556,
    "support": 144.0
  },
  "macro avg": {
    "f1-score": 0.9903826169107226,
    "precision": 0.9904747788309433,
    "recall": 0.990438527008977,
    "support": 613.0
  },
  "question": {
    "f1-score": 0.9931506849315068,
    "precision": 0.9931506849315068,
    "recall": 0.9931506849315068,
    "support": 146.0
  },
  "spam": {
    "f1-score": 1.0,
    "precision": 1.0,
    "recall": 1.0,
    "support": 30.0
  },
  "unknown_or_agent": {
    "f1-score": 1.0,
    "precision": 1.0,
    "recall": 1.0,
    "support": 146.0
  },
  "weighted avg": {
    "f1-score": 0.9885802880588354,
    "precision": 0.9887555678746542,
    "recall": 0.9885807504078303,
    "support": 613.0
  }
}