{
  "artifact_file": "model.onnx",
  "artifact_sha256": "4f107b76deceaf83735475881029b853187c51e41ada8b866b7e4710c03bf556",
  "artifact_size_bytes": 888,
  "artifact_size_mb": 0.00084686279296875,
  "best_val_macro_f1": 0.9905213450265119,
  "model_name": "hashing_mlp_onnx_router",
  "model_version": "v1",
  "note": "This is the required small DL baseline. It is trained offline in Colab and exported to ONNX for lean serving with onnxruntime. No torch is required in the serving container.",
  "product_final_golden": {
    "accuracy": 0.72,
    "direct_accuracy": 0.8888888888888888,
    "direct_coverage_pct": 0.54,
    "direct_rows": 27,
    "fallback_pct": 0.46,
    "fallback_rows": 23,
    "latency_ms_per_row": 0.022905959999661718,
    "macro_f1": 0.7201562998405104,
    "rows": 50,
    "split": "product_final_golden",
    "threshold": 0.75,
    "weighted_f1": 0.72176331738437,
    "wrong_direct_routes": 3
  },
  "selected_experiment": "dl_hashing_mlp_v1",
  "test": {
    "accuracy": 0.9885807504078303,
    "direct_accuracy": 0.9966329966329966,
    "direct_coverage_pct": 0.9690048939641109,
    "direct_rows": 594,
    "fallback_pct": 0.03099510603588907,
    "fallback_rows": 19,
    "latency_ms_per_row": 0.006596557912099249,
    "macro_f1": 0.9903826169107226,
    "rows": 613,
    "split": "test",
    "threshold": 0.75,
    "weighted_f1": 0.9885802880588354,
    "wrong_direct_routes": 2
  },
  "threshold": 0.75,
  "train_seconds": 3.7791353509999226,
  "validation": {
    "accuracy": 0.9918300653594772,
    "direct_accuracy": 0.9966159052453468,
    "direct_coverage_pct": 0.9656862745098039,
    "direct_rows": 591,
    "fallback_pct": 0.03431372549019608,
    "fallback_rows": 21,
    "latency_ms_per_row": 0.01980690359497066,
    "macro_f1": 0.9905213450265119,
    "rows": 612,
    "split": "validation",
    "threshold": 0.75,
    "weighted_f1": 0.9918476120204233,
    "wrong_direct_routes": 2
  },
  "vectorizer_file": "hashing_vectorizer.joblib",
  "vectorizer_sha256": "a2559a72ec4ea445a19cc96e645500d9cc41e751c511b2f5f1c267e07ac33c9f"
}