{
  "accuracy": 0.72,
  "escalate": {
    "f1-score": 0.75,
    "precision": 0.75,
    "recall": 0.75,
    "support": 8.0
  },
  "lead": {
    "f1-score": 0.72,
    "precision": 0.6923076923076923,
    "recall": 0.75,
    "support": 12.0
  },
  "macro avg": {
    "f1-score": 0.7201562998405104,
    "precision": 0.7417948717948718,
    "recall": 0.7266666666666667,
    "support": 50.0
  },
  "question": {
    "f1-score": 0.7272727272727273,
    "precision": 0.6666666666666666,
    "recall": 0.8,
    "support": 10.0
  },
  "spam": {
    "f1-score": 0.6666666666666666,
    "precision": 0.6,
    "recall": 0.75,
    "support": 8.0
  },
  "unknown_or_agent": {
    "f1-score": 0.7368421052631579,
    "precision": 1.0,
    "recall": 0.5833333333333334,
    "support": 12.0
  },
  "weighted avg": {
    "f1-score": 0.72176331738437,
    "precision": 0.7554871794871795,
    "recall": 0.72,
    "support": 50.0
  }
}